0;396;163;no_more_commands;[1, 1, 1, 1, 1, 2, 2, 2, 1, 1, 1, 1, 1, 5, 5, 5, 5, 1, 1, 1, 1, 1, 1, 5, 5, 5, 5, 1, 1, 1, 1, 1, 1, 1, 2, 2, 2, 1, 1, 1, 1, 1, 5, 5, 5, 5, 1, 1, 1, 1, 1, 1, 5, 5, 5, 5, 1, 1, 1, 1, 1, 1, 1, 2, 2, 2, 1, 1, 1, 1, 1, 5, 5, 5, 5, 1, 1, 1, 1, 1, 1, 5, 5, 5, 5, 1, 1]
0;396;163;no_more_commands;[1, 1, 1, 1, 1, 2, 2, 2, 1, 1, 1, 1, 1, 5, 5, 5, 5, 1, 1, 1, 1, 1, 1, 5, 5, 5, 5, 1, 1, 1, 1, 1, 1, 1, 2, 2, 2, 1, 1, 1, 1, 1, 5, 5, 5, 5, 1, 1, 1, 1, 1, 1, 5, 5, 5, 5, 1, 1, 1, 1, 1, 1, 1, 2, 2, 2, 1, 1, 1, 1, 1, 5, 5, 5, 5, 1, 1, 1, 1, 1, 1, 5, 5, 5, 5, 1, 1]
0;396;163;no_more_commands;[1, 1, 1, 1, 1, 2, 2, 2, 1, 1, 1, 1, 1, 5, 5, 5, 5, 1, 1, 1, 1, 1, 1, 5, 5, 5, 5, 1, 1, 1, 1, 1, 1, 1, 2, 2, 2, 1, 1, 1, 1, 1, 5, 5, 5, 5, 1, 1, 1, 1, 1, 1, 5, 5, 5, 5, 1, 1, 1, 1, 1, 1, 1, 2, 2, 2, 1, 1, 1, 1, 1, 5, 5, 5, 5, 1, 1, 1, 1, 1, 1, 5, 5, 5, 5, 1, 1]
0;396;163;no_more_commands;[1, 1, 1, 1, 1, 2, 2, 2, 1, 1, 1, 1, 1, 5, 5, 5, 5, 1, 1, 1, 1, 1, 1, 5, 5, 5, 5, 1, 1, 1, 1, 1, 1, 1, 2, 2, 2, 1, 1, 1, 1, 1, 5, 5, 5, 5, 1, 1, 1, 1, 1, 1, 5, 5, 5, 5, 1, 1, 1, 1, 1, 1, 1, 2, 2, 2, 1, 1, 1, 1, 1, 5, 5, 5, 5, 1, 1, 1, 1, 1, 1, 5, 5, 5, 5, 1, 1]
0;396;163;no_more_commands;[1, 1, 1, 1, 1, 2, 2, 2, 1, 1, 1, 1, 1, 5, 5, 5, 5, 1, 1, 1, 1, 1, 1, 5, 5, 5, 5, 1, 1, 1, 1, 1, 1, 1, 2, 2, 2, 1, 1, 1, 1, 1, 5, 5, 5, 5, 1, 1, 1, 1, 1, 1, 5, 5, 5, 5, 1, 1, 1, 1, 1, 1, 1, 2, 2, 2, 1, 1, 1, 1, 1, 5, 5, 5, 5, 1, 1, 1, 1, 1, 1, 5, 5, 5, 5, 1, 1]
0;396;163;no_more_commands;[1, 1, 1, 1, 1, 2, 2, 2, 1, 1, 1, 1, 1, 5, 5, 5, 5, 1, 1, 1, 1, 1, 1, 5, 5, 5, 5, 1, 1, 1, 1, 1, 1, 1, 2, 2, 2, 1, 1, 1, 1, 1, 5, 5, 5, 5, 1, 1, 1, 1, 1, 1, 5, 5, 5, 5, 1, 1, 1, 1, 1, 1, 1, 2, 2, 2, 1, 1, 1, 1, 1, 5, 5, 5, 5, 1, 1, 1, 1, 1, 1, 5, 5, 5, 5, 1, 1]
0;396;163;no_more_commands;[1, 1, 1, 1, 1, 2, 2, 2, 1, 1, 1, 1, 1, 5, 5, 5, 5, 1, 1, 1, 1, 1, 1, 5, 5, 5, 5, 1, 1, 1, 1, 1, 1, 1, 2, 2, 2, 1, 1, 1, 1, 1, 5, 5, 5, 5, 1, 1, 1, 1, 1, 1, 5, 5, 5, 5, 1, 1, 1, 1, 1, 1, 1, 2, 2, 2, 1, 1, 1, 1, 1, 5, 5, 5, 5, 1, 1, 1, 1, 1, 1, 5, 5, 5, 5, 1, 1]
0;396;163;no_more_commands;[1, 1, 1, 1, 1, 2, 2, 2, 1, 1, 1, 1, 1, 5, 5, 5, 5, 1, 1, 1, 1, 1, 1, 5, 5, 5, 5, 1, 1, 1, 1, 1, 1, 1, 2, 2, 2, 1, 1, 1, 1, 1, 5, 5, 5, 5, 1, 1, 1, 1, 1, 1, 5, 5, 5, 5, 1, 1, 1, 1, 1, 1, 1, 2, 2, 2, 1, 1, 1, 1, 1, 5, 5, 5, 5, 1, 1, 1, 1, 1, 1, 5, 5, 5, 5, 1, 1]
0;396;163;no_more_commands;[1, 1, 1, 1, 1, 2, 2, 2, 1, 1, 1, 1, 1, 5, 5, 5, 5, 1, 1, 1, 1, 1, 1, 5, 5, 5, 5, 1, 1, 1, 1, 1, 1, 1, 2, 2, 2, 1, 1, 1, 1, 1, 5, 5, 5, 5, 1, 1, 1, 1, 1, 1, 5, 5, 5, 5, 1, 1, 1, 1, 1, 1, 1, 2, 2, 2, 1, 1, 1, 1, 1, 5, 5, 5, 5, 1, 1, 1, 1, 1, 1, 5, 5, 5, 5, 1, 1]
0;396;163;no_more_commands;[1, 1, 1, 1, 1, 2, 2, 2, 1, 1, 1, 1, 1, 5, 5, 5, 5, 1, 1, 1, 1, 1, 1, 5, 5, 5, 5, 1, 1, 1, 1, 1, 1, 1, 2, 2, 2, 1, 1, 1, 1, 1, 5, 5, 5, 5, 1, 1, 1, 1, 1, 1, 5, 5, 5, 5, 1, 1, 1, 1, 1, 1, 1, 2, 2, 2, 1, 1, 1, 1, 1, 5, 5, 5, 5, 1, 1, 1, 1, 1, 1, 5, 5, 5, 5, 1, 1]
0;0;0;null;[1, 1, 1, 1, 1, 2, 2, 2, 1, 1, 1, 1, 1, 5, 5, 5, 5, 1, 1, 1, 1, 1, 1, 5, 5, 5, 5, 1, 1, 1, 1, 1, 1, 1, 2, 2, 2, 1, 1, 1, 1, 1, 5, 5, 5, 5, 1, 1, 1, 1, 1, 1, 5, 5, 5, 5, 1, 1, 1, 1, 1, 1, 1, 2, 2, 2, 1, 1, 1, 1, 1, 5, 5, 5, 5, 1, 1, 1, 1, 1, 1, 5, 5, 5, 5, 1, 1]
0;0;0;null;[1, 1, 1, 1, 1, 2, 2, 2, 1, 1, 1, 1, 1, 5, 5, 5, 5, 1, 1, 1, 1, 1, 1, 5, 5, 5, 5, 1, 1, 1, 1, 1, 1, 1, 2, 2, 2, 1, 1, 1, 1, 1, 5, 5, 5, 5, 1, 1, 1, 1, 1, 1, 5, 5, 5, 5, 1, 1, 1, 1, 1, 1, 1, 2, 2, 2, 1, 1, 1, 1, 1, 5, 5, 5, 5, 1, 1, 1, 1, 1, 1, 5, 5, 5, 5, 1, 1]
0;0;0;null;[1, 1, 1, 1, 1, 2, 2, 2, 1, 1, 1, 1, 1, 5, 5, 5, 5, 1, 1, 1, 1, 1, 1, 5, 5, 5, 5, 1, 1, 1, 1, 1, 1, 1, 2, 2, 2, 1, 1, 1, 1, 1, 5, 5, 5, 5, 1, 1, 1, 1, 1, 1, 5, 5, 5, 5, 1, 1, 1, 1, 1, 1, 1, 2, 2, 2, 1, 1, 1, 1, 1, 5, 5, 5, 5, 1, 1, 1, 1, 1, 1, 5, 5, 5, 5, 1, 1]
